id,chapter,section,difficulty,name,tips,map,music,level,monster_normal_level,monster_elitel_level,monster_boss_level,monster_sta_multiple,monster_atk_multiple,monster_ratio_multiple,cost,drop_lib_id,user_exp,hero_exp,three_star_need,position,line
int,int,int,int,varchar,varchar,int,varchar,int,int,int,int,float,float,float,int,int,int,int,varchar,varchar,varchar
cs,cs,cs,cs,c,c,c,c,cs,s,s,s,s,s,s,cs,cs,cs,cs,cs,c,c
序号 章-难度-节各两位(CS),章(CS),节(CS),难度(CS),关卡名字(C),关卡简介(C),地图(C),音乐(C),进入最低等级(CS),怪物等级(S),精英怪等级(S),BOSS等级(S),血量倍数(S),攻击倍数(S),防御倍数(S),所需体力(CS),通关掉落对应drop_template.csv中id(CS),通关玩家获得经验(CS),通关出战角色获得经验(CS),"星级条件{id,参数X,参数Y}(CS)",位置(C),连线(C)
10101,1,1,1,商业中心1,战斗吧！,10101,,1,1,1,1,1.0,1.0,1.0,5,111001,5,5,"{{2,0},{4,300},{5,20}}","{-701,67}","{{-446.6,91,14.98,3,0,0.5},{-431.6,92.6,3,190.2,0,1},{-428.9,-95.8,52.6,3,0,0.5}}"
10102,1,2,1,商业中心2,战斗吧！,10102,,1,1,1,1,1.0,1.0,1.0,5,111002,5,5,"{{3,10},{6,10,100},{7,20,2}}","{-496,-265}","{{-274.8,-95.8,126.9,3,0,0.5}}"
10103,1,3,1,商业中心3,战斗吧！,10103,,1,1,1,1,1.0,1.0,1.0,5,111003,5,5,"{{2,0},{4,300},{5,20}}","{-187,-55}","{{-45.9,-95.8,61.2,3,0,0.5},{12.19,-96.94,3,194.5,0,0}}"
10104,1,4,1,商业中心4,战斗吧！,10104,,1,2,2,2,1.0,1.0,1.0,5,111004,5,5,"{{2,0},{4,300},{5,20}}","{123,187}","{{117,98,14.98,3,0,0.5},{132,99.2,3,96.3,0,1},{133,3,100.8,3,0,0.5}}"
10105,1,5,1,商业中心5,战斗吧！,10105,,1,2,2,2,1.0,1.0,1.0,5,111005,5,5,"{{2,0},{4,300},{5,20}}","{432,-13}","{{339,1,3,140.2,0,1},{339.7,-137.8,88.5,3,0,0.5}}"
10106,1,6,1,商业中心6,战斗吧！,10106,,1,2,2,2,1.0,1.0,1.0,5,111006,5,5,"{{2,0},{4,300},{5,20}}","{633,-236}",{}
20101,2,1,1,仓库1,战斗吧！,10107,,5,3,3,3,1.0,1.0,1.0,5,111007,5,5,"{{2,0},{4,300},{5,20}}","{-701,67}","{{-446.6,91,14.98,3,0,0.5},{-431.6,92.6,3,190.2,0,1},{-428.9,-95.8,52.6,3,0,0.5}}"
20102,2,2,1,仓库2,战斗吧！,10108,,5,3,3,3,1.0,1.0,1.0,5,111008,5,5,"{{2,0},{4,300},{5,20}}","{-496,-265}","{{-274.8,-95.8,126.9,3,0,0.5}}"
20103,2,3,1,仓库3,战斗吧！,10109,,5,3,3,3,1.0,1.0,1.0,5,111009,5,5,"{{2,0},{4,300},{5,20}}","{-187,-55}","{{-45.9,-95.8,61.2,3,0,0.5},{12.19,-96.94,3,194.5,0,0}}"
20104,2,4,1,仓库4,战斗吧！,10110,,5,4,4,4,1.0,1.0,1.0,5,111010,5,5,"{{2,0},{4,300},{5,20}}","{123,187}","{{117,98,14.98,3,0,0.5},{132,99.2,3,96.3,0,1},{133,3,100.8,3,0,0.5}}"
20105,2,5,1,仓库5,战斗吧！,10111,,5,4,4,4,1.0,1.0,1.0,5,111011,5,5,"{{2,0},{4,300},{5,20}}","{432,-13}","{{339,1,3,140.2,0,1},{339.7,-137.8,88.5,3,0,0.5}}"
20106,2,6,1,仓库6,战斗吧！,10112,,5,5,5,5,1.0,1.0,1.0,5,111012,5,5,"{{2,0},{4,300},{5,20}}","{633,-236}",{}
30101,3,1,1,整备间1,战斗吧！,10113,,10,5,5,5,1.0,1.0,1.0,5,111013,5,5,"{{2,0},{4,300},{5,20}}","{-701,67}","{{-446.6,91,14.98,3,0,0.5},{-431.6,92.6,3,190.2,0,1},{-428.9,-95.8,52.6,3,0,0.5}}"
30102,3,2,1,整备间2,战斗吧！,10114,,10,6,6,6,1.0,1.0,1.0,5,111014,5,5,"{{2,0},{4,300},{5,20}}","{-496,-265}","{{-274.8,-95.8,126.9,3,0,0.5}}"
30103,3,3,1,整备间3,战斗吧！,10115,,10,6,6,6,1.0,1.0,1.0,5,111015,5,5,"{{2,0},{4,300},{5,20}}","{-187,-55}","{{-45.9,-95.8,61.2,3,0,0.5},{12.19,-96.94,3,194.5,0,0}}"
30104,3,4,1,整备间4,战斗吧！,10116,,10,7,7,7,1.0,1.0,1.0,5,111016,5,5,"{{2,0},{4,300},{5,20}}","{123,187}","{{117,98,14.98,3,0,0.5},{132,99.2,3,96.3,0,1},{133,3,100.8,3,0,0.5}}"
30105,3,5,1,整备间5,战斗吧！,10117,,10,7,7,7,1.0,1.0,1.0,5,111017,5,5,"{{2,0},{4,300},{5,20}}","{432,-13}","{{339,1,3,140.2,0,1},{339.7,-137.8,88.5,3,0,0.5}}"
30106,3,6,1,整备间6,战斗吧！,10118,,10,8,8,8,1.0,1.0,1.0,5,111018,5,5,"{{2,0},{4,300},{5,20}}","{633,-236}",{}
40101,4,1,1,指挥间1,战斗吧！,10119,,15,9,9,9,1.0,1.0,1.0,5,111019,5,5,"{{2,0},{4,300},{5,20}}","{-701,67}","{{-446.6,91,14.98,3,0,0.5},{-431.6,92.6,3,190.2,0,1},{-428.9,-95.8,52.6,3,0,0.5}}"
40102,4,2,1,指挥间2,战斗吧！,10120,,15,10,10,10,1.0,1.0,1.0,5,111020,5,5,"{{2,0},{4,300},{5,20}}","{-496,-265}","{{-274.8,-95.8,126.9,3,0,0.5}}"
40103,4,3,1,指挥间3,战斗吧！,10121,,15,11,11,11,1.0,1.0,1.0,5,111021,5,5,"{{2,0},{4,300},{5,20}}","{-187,-55}","{{-45.9,-95.8,61.2,3,0,0.5},{12.19,-96.94,3,194.5,0,0}}"
40104,4,4,1,指挥间4,战斗吧！,10122,,15,12,12,12,1.0,1.0,1.0,5,111022,5,5,"{{2,0},{4,300},{5,20}}","{123,187}","{{117,98,14.98,3,0,0.5},{132,99.2,3,96.3,0,1},{133,3,100.8,3,0,0.5}}"
40105,4,5,1,指挥间5,战斗吧！,10123,,15,13,13,13,1.0,1.0,1.0,5,111023,5,5,"{{2,0},{4,300},{5,20}}","{432,-13}","{{339,1,3,140.2,0,1},{339.7,-137.8,88.5,3,0,0.5}}"
40106,4,6,1,指挥间6,战斗吧！,10124,,15,14,14,14,1.0,1.0,1.0,5,111024,5,5,"{{2,0},{4,300},{5,20}}","{633,-236}",{}
50101,5,1,1,熔炉1,战斗吧！,10125,,20,15,15,15,1.0,1.0,1.0,5,111025,5,5,"{{2,0},{4,300},{5,20}}","{-701,67}","{{-446.6,91,14.98,3,0,0.5},{-431.6,92.6,3,190.2,0,1},{-428.9,-95.8,52.6,3,0,0.5}}"
50102,5,2,1,熔炉2,战斗吧！,10126,,20,16,16,16,1.0,1.0,1.0,5,111026,5,5,"{{2,0},{4,300},{5,20}}","{-496,-265}","{{-274.8,-95.8,126.9,3,0,0.5}}"
50103,5,3,1,熔炉3,战斗吧！,10127,,20,17,17,17,1.0,1.0,1.0,5,111027,5,5,"{{2,0},{4,300},{5,20}}","{-187,-55}","{{-45.9,-95.8,61.2,3,0,0.5},{12.19,-96.94,3,194.5,0,0}}"
50104,5,4,1,熔炉4,战斗吧！,10128,,20,18,18,18,1.0,1.0,1.0,5,111028,5,5,"{{2,0},{4,300},{5,20}}","{123,187}","{{117,98,14.98,3,0,0.5},{132,99.2,3,96.3,0,1},{133,3,100.8,3,0,0.5}}"
50105,5,5,1,熔炉5,战斗吧！,10129,,20,19,19,19,1.0,1.0,1.0,5,111029,5,5,"{{2,0},{4,300},{5,20}}","{432,-13}","{{339,1,3,140.2,0,1},{339.7,-137.8,88.5,3,0,0.5}}"
50106,5,6,1,熔炉6,战斗吧！,10130,,20,20,20,20,1.0,1.0,1.0,5,111030,5,5,"{{2,0},{4,300},{5,20}}","{633,-236}",{}
60101,6,1,1,地下1,战斗吧！,10131,,25,21,21,21,1.0,1.0,1.0,5,111031,5,5,"{{2,0},{4,300},{5,20}}","{-701,67}","{{-446.6,91,14.98,3,0,0.5},{-431.6,92.6,3,190.2,0,1},{-428.9,-95.8,52.6,3,0,0.5}}"
60102,6,2,1,地下2,战斗吧！,10132,,25,22,22,22,1.0,1.0,1.0,5,111032,5,5,"{{2,0},{4,300},{5,20}}","{-496,-265}","{{-274.8,-95.8,126.9,3,0,0.5}}"
60103,6,3,1,地下3,战斗吧！,10133,,25,23,23,23,1.0,1.0,1.0,5,111033,5,5,"{{2,0},{4,300},{5,20}}","{-187,-55}","{{-45.9,-95.8,61.2,3,0,0.5},{12.19,-96.94,3,194.5,0,0}}"
60104,6,4,1,地下4,战斗吧！,10134,,25,24,24,24,1.0,1.0,1.0,5,111034,5,5,"{{2,0},{4,300},{5,20}}","{123,187}","{{117,98,14.98,3,0,0.5},{132,99.2,3,96.3,0,1},{133,3,100.8,3,0,0.5}}"
60105,6,5,1,地下5,战斗吧！,10135,,25,25,25,25,1.0,1.0,1.0,5,111035,5,5,"{{2,0},{4,300},{5,20}}","{432,-13}","{{339,1,3,140.2,0,1},{339.7,-137.8,88.5,3,0,0.5}}"
60106,6,6,1,地下6,战斗吧！,10136,,25,26,26,26,1.0,1.0,1.0,5,111036,5,5,"{{2,0},{4,300},{5,20}}","{633,-236}",{}
70101,7,1,1,异空间1,战斗吧！,10137,,30,27,27,27,1.0,1.0,1.0,5,111037,5,5,"{{2,0},{4,300},{5,20}}","{-701,67}","{{-446.6,91,14.98,3,0,0.5},{-431.6,92.6,3,190.2,0,1},{-428.9,-95.8,52.6,3,0,0.5}}"
70102,7,2,1,异空间2,战斗吧！,10138,,30,28,28,28,1.0,1.0,1.0,5,111038,5,5,"{{2,0},{4,300},{5,20}}","{-496,-265}","{{-274.8,-95.8,126.9,3,0,0.5}}"
70103,7,3,1,异空间3,战斗吧！,10139,,30,29,29,29,1.0,1.0,1.0,5,111039,5,5,"{{2,0},{4,300},{5,20}}","{-187,-55}","{{-45.9,-95.8,61.2,3,0,0.5},{12.19,-96.94,3,194.5,0,0}}"
70104,7,4,1,异空间4,战斗吧！,10140,,30,30,30,30,1.0,1.0,1.0,5,111040,5,5,"{{2,0},{4,300},{5,20}}","{123,187}","{{117,98,14.98,3,0,0.5},{132,99.2,3,96.3,0,1},{133,3,100.8,3,0,0.5}}"
70105,7,5,1,异空间5,战斗吧！,10141,,30,31,31,31,1.0,1.0,1.0,5,111041,5,5,"{{2,0},{4,300},{5,20}}","{432,-13}","{{339,1,3,140.2,0,1},{339.7,-137.8,88.5,3,0,0.5}}"
70106,7,6,1,异空间6,战斗吧！,10142,,30,32,32,32,1.0,1.0,1.0,5,111042,5,5,"{{2,0},{4,300},{5,20}}","{633,-236}",{}
80101,8,1,1,舞台1,战斗吧！,10143,,35,33,33,33,1.0,1.0,1.0,5,111043,5,5,"{{2,0},{4,300},{5,20}}","{-701,67}","{{-446.6,91,14.98,3,0,0.5},{-431.6,92.6,3,190.2,0,1},{-428.9,-95.8,52.6,3,0,0.5}}"
80102,8,2,1,舞台2,战斗吧！,10144,,35,34,34,34,1.0,1.0,1.0,5,111044,5,5,"{{2,0},{4,300},{5,20}}","{-496,-265}","{{-274.8,-95.8,126.9,3,0,0.5}}"
80103,8,3,1,舞台3,战斗吧！,10145,,35,35,35,35,1.0,1.0,1.0,5,111045,5,5,"{{2,0},{4,300},{5,20}}","{-187,-55}","{{-45.9,-95.8,61.2,3,0,0.5},{12.19,-96.94,3,194.5,0,0}}"
80104,8,4,1,舞台4,战斗吧！,10146,,35,36,36,36,1.0,1.0,1.0,5,111046,5,5,"{{2,0},{4,300},{5,20}}","{123,187}","{{117,98,14.98,3,0,0.5},{132,99.2,3,96.3,0,1},{133,3,100.8,3,0,0.5}}"
80105,8,5,1,舞台5,战斗吧！,10147,,35,37,37,37,1.0,1.0,1.0,5,111047,5,5,"{{2,0},{4,300},{5,20}}","{432,-13}","{{339,1,3,140.2,0,1},{339.7,-137.8,88.5,3,0,0.5}}"
80106,8,6,1,舞台6,战斗吧！,10148,,35,38,38,38,1.0,1.0,1.0,5,111048,5,5,"{{2,0},{4,300},{5,20}}","{633,-236}",{}
90101,9,1,1,天井1,战斗吧！,10149,,40,39,39,39,1.0,1.0,1.0,5,111049,5,5,"{{2,0},{4,300},{5,20}}","{-701,67}","{{-446.6,91,14.98,3,0,0.5},{-431.6,92.6,3,190.2,0,1},{-428.9,-95.8,52.6,3,0,0.5}}"
90102,9,2,1,天井2,战斗吧！,10150,,40,40,40,40,1.0,1.0,1.0,5,111050,5,5,"{{2,0},{4,300},{5,20}}","{-496,-265}","{{-274.8,-95.8,126.9,3,0,0.5}}"
90103,9,3,1,天井3,战斗吧！,10151,,40,41,41,41,1.0,1.0,1.0,5,111051,5,5,"{{2,0},{4,300},{5,20}}","{-187,-55}","{{-45.9,-95.8,61.2,3,0,0.5},{12.19,-96.94,3,194.5,0,0}}"
90104,9,4,1,天井4,战斗吧！,10152,,40,42,42,42,1.0,1.0,1.0,5,111052,5,5,"{{2,0},{4,300},{5,20}}","{123,187}","{{117,98,14.98,3,0,0.5},{132,99.2,3,96.3,0,1},{133,3,100.8,3,0,0.5}}"
90105,9,5,1,天井5,战斗吧！,10153,,40,43,43,43,1.0,1.0,1.0,5,111053,5,5,"{{2,0},{4,300},{5,20}}","{432,-13}","{{339,1,3,140.2,0,1},{339.7,-137.8,88.5,3,0,0.5}}"
90106,9,6,1,天井6,战斗吧！,10154,,40,44,44,44,1.0,1.0,1.0,5,111054,5,5,"{{2,0},{4,300},{5,20}}","{633,-236}",{}
100101,10,1,1,回廊1,战斗吧！,10155,,45,45,45,45,1.0,1.0,1.0,5,111055,5,5,"{{2,0},{4,300},{5,20}}","{-701,67}","{{-446.6,91,14.98,3,0,0.5},{-431.6,92.6,3,190.2,0,1},{-428.9,-95.8,52.6,3,0,0.5}}"
100102,10,2,1,回廊2,战斗吧！,20101,,45,46,46,46,1.0,1.0,1.0,5,111056,5,5,"{{2,0},{4,300},{5,20}}","{-496,-265}","{{-274.8,-95.8,126.9,3,0,0.5}}"
100103,10,3,1,回廊3,战斗吧！,20102,,45,47,47,47,1.0,1.0,1.0,5,111057,5,5,"{{2,0},{4,300},{5,20}}","{-187,-55}","{{-45.9,-95.8,61.2,3,0,0.5},{12.19,-96.94,3,194.5,0,0}}"
100104,10,4,1,回廊4,战斗吧！,20103,,45,48,48,48,1.0,1.0,1.0,5,111058,5,5,"{{2,0},{4,300},{5,20}}","{123,187}","{{117,98,14.98,3,0,0.5},{132,99.2,3,96.3,0,1},{133,3,100.8,3,0,0.5}}"
100105,10,5,1,回廊5,战斗吧！,20104,,45,49,49,49,1.0,1.0,1.0,5,111059,5,5,"{{2,0},{4,300},{5,20}}","{432,-13}","{{339,1,3,140.2,0,1},{339.7,-137.8,88.5,3,0,0.5}}"
100106,10,6,1,回廊6,战斗吧！,20105,,45,50,50,50,1.0,1.0,1.0,5,111060,5,5,"{{2,0},{4,300},{5,20}}","{633,-236}",{}
110101,11,1,1,大厅1,战斗吧！,20106,,50,51,51,51,1.0,1.0,1.0,5,111061,5,5,"{{2,0},{4,300},{5,20}}","{-701,67}","{{-446.6,91,14.98,3,0,0.5},{-431.6,92.6,3,190.2,0,1},{-428.9,-95.8,52.6,3,0,0.5}}"
110102,11,2,1,大厅2,战斗吧！,20107,,50,52,52,52,1.0,1.0,1.0,5,111062,5,5,"{{2,0},{4,300},{5,20}}","{-496,-265}","{{-274.8,-95.8,126.9,3,0,0.5}}"
110103,11,3,1,大厅3,战斗吧！,20108,,50,53,53,53,1.0,1.0,1.0,5,111063,5,5,"{{2,0},{4,300},{5,20}}","{-187,-55}","{{-45.9,-95.8,61.2,3,0,0.5},{12.19,-96.94,3,194.5,0,0}}"
110104,11,4,1,大厅4,战斗吧！,20109,,50,54,54,54,1.0,1.0,1.0,5,111064,5,5,"{{2,0},{4,300},{5,20}}","{123,187}","{{117,98,14.98,3,0,0.5},{132,99.2,3,96.3,0,1},{133,3,100.8,3,0,0.5}}"
110105,11,5,1,大厅5,战斗吧！,20110,,50,55,55,55,1.0,1.0,1.0,5,111065,5,5,"{{2,0},{4,300},{5,20}}","{432,-13}","{{339,1,3,140.2,0,1},{339.7,-137.8,88.5,3,0,0.5}}"
110106,11,6,1,大厅6,战斗吧！,20111,,50,56,56,56,1.0,1.0,1.0,5,111066,5,5,"{{2,0},{4,300},{5,20}}","{633,-236}",{}
120101,12,1,1,阁楼1,战斗吧！,20112,,55,57,57,57,1.0,1.0,1.0,5,111067,5,5,"{{2,0},{4,300},{5,20}}","{-701,67}","{{-446.6,91,14.98,3,0,0.5},{-431.6,92.6,3,190.2,0,1},{-428.9,-95.8,52.6,3,0,0.5}}"
120102,12,2,1,阁楼2,战斗吧！,20113,,55,58,58,58,1.0,1.0,1.0,5,111068,5,5,"{{2,0},{4,300},{5,20}}","{-496,-265}","{{-274.8,-95.8,126.9,3,0,0.5}}"
120103,12,3,1,阁楼3,战斗吧！,20114,,55,59,59,59,1.0,1.0,1.0,5,111069,5,5,"{{2,0},{4,300},{5,20}}","{-187,-55}","{{-45.9,-95.8,61.2,3,0,0.5},{12.19,-96.94,3,194.5,0,0}}"
120104,12,4,1,阁楼4,战斗吧！,20115,,55,60,60,60,1.0,1.0,1.0,5,111070,5,5,"{{2,0},{4,300},{5,20}}","{123,187}","{{117,98,14.98,3,0,0.5},{132,99.2,3,96.3,0,1},{133,3,100.8,3,0,0.5}}"
120105,12,5,1,阁楼5,战斗吧！,20116,,55,61,61,61,1.0,1.0,1.0,5,111071,5,5,"{{2,0},{4,300},{5,20}}","{432,-13}","{{339,1,3,140.2,0,1},{339.7,-137.8,88.5,3,0,0.5}}"
120106,12,6,1,阁楼6,战斗吧！,20117,,55,62,62,62,1.0,1.0,1.0,5,111072,5,5,"{{2,0},{4,300},{5,20}}","{633,-236}",{}
130101,13,1,1,楼梯间1,战斗吧！,20118,,60,63,63,63,1.0,1.0,1.0,5,111073,5,5,"{{2,0},{4,300},{5,20}}","{-701,67}","{{-446.6,91,14.98,3,0,0.5},{-431.6,92.6,3,190.2,0,1},{-428.9,-95.8,52.6,3,0,0.5}}"
130102,13,2,1,楼梯间2,战斗吧！,20119,,60,64,64,64,1.0,1.0,1.0,5,111074,5,5,"{{2,0},{4,300},{5,20}}","{-496,-265}","{{-274.8,-95.8,126.9,3,0,0.5}}"
130103,13,3,1,楼梯间3,战斗吧！,20120,,60,65,65,65,1.0,1.0,1.0,5,111075,5,5,"{{2,0},{4,300},{5,20}}","{-187,-55}","{{-45.9,-95.8,61.2,3,0,0.5},{12.19,-96.94,3,194.5,0,0}}"
130104,13,4,1,楼梯间4,战斗吧！,20121,,60,66,66,66,1.0,1.0,1.0,5,111076,5,5,"{{2,0},{4,300},{5,20}}","{123,187}","{{117,98,14.98,3,0,0.5},{132,99.2,3,96.3,0,1},{133,3,100.8,3,0,0.5}}"
130105,13,5,1,楼梯间5,战斗吧！,20122,,60,67,67,67,1.0,1.0,1.0,5,111077,5,5,"{{2,0},{4,300},{5,20}}","{432,-13}","{{339,1,3,140.2,0,1},{339.7,-137.8,88.5,3,0,0.5}}"
130106,13,6,1,楼梯间6,战斗吧！,20123,,60,68,68,68,1.0,1.0,1.0,5,111078,5,5,"{{2,0},{4,300},{5,20}}","{633,-236}",{}
140101,14,1,1,书房1,战斗吧！,20124,,65,69,69,69,1.0,1.0,1.0,5,111079,5,5,"{{2,0},{4,300},{5,20}}","{-701,67}","{{-446.6,91,14.98,3,0,0.5},{-431.6,92.6,3,190.2,0,1},{-428.9,-95.8,52.6,3,0,0.5}}"
140102,14,2,1,书房2,战斗吧！,20125,,65,70,70,70,1.0,1.0,1.0,5,111080,5,5,"{{2,0},{4,300},{5,20}}","{-496,-265}","{{-274.8,-95.8,126.9,3,0,0.5}}"
140103,14,3,1,书房3,战斗吧！,20126,,65,71,71,71,1.0,1.0,1.0,5,111081,5,5,"{{2,0},{4,300},{5,20}}","{-187,-55}","{{-45.9,-95.8,61.2,3,0,0.5},{12.19,-96.94,3,194.5,0,0}}"
140104,14,4,1,书房4,战斗吧！,20127,,65,72,72,72,1.0,1.0,1.0,5,111082,5,5,"{{2,0},{4,300},{5,20}}","{123,187}","{{117,98,14.98,3,0,0.5},{132,99.2,3,96.3,0,1},{133,3,100.8,3,0,0.5}}"
140105,14,5,1,书房5,战斗吧！,20128,,65,73,73,73,1.0,1.0,1.0,5,111083,5,5,"{{2,0},{4,300},{5,20}}","{432,-13}","{{339,1,3,140.2,0,1},{339.7,-137.8,88.5,3,0,0.5}}"
140106,14,6,1,书房6,战斗吧！,20129,,65,74,74,74,1.0,1.0,1.0,5,111084,5,5,"{{2,0},{4,300},{5,20}}","{633,-236}",{}
150101,15,1,1,大展览厅1,战斗吧！,20130,,70,75,75,75,1.0,1.0,1.0,5,111085,5,5,"{{2,0},{4,300},{5,20}}","{-701,67}","{{-446.6,91,14.98,3,0,0.5},{-431.6,92.6,3,190.2,0,1},{-428.9,-95.8,52.6,3,0,0.5}}"
150102,15,2,1,大展览厅2,战斗吧！,20131,,70,76,76,76,1.0,1.0,1.0,5,111086,5,5,"{{2,0},{4,300},{5,20}}","{-496,-265}","{{-274.8,-95.8,126.9,3,0,0.5}}"
150103,15,3,1,大展览厅3,战斗吧！,20132,,70,77,77,77,1.0,1.0,1.0,5,111087,5,5,"{{2,0},{4,300},{5,20}}","{-187,-55}","{{-45.9,-95.8,61.2,3,0,0.5},{12.19,-96.94,3,194.5,0,0}}"
150104,15,4,1,大展览厅4,战斗吧！,20133,,70,78,78,78,1.0,1.0,1.0,5,111088,5,5,"{{2,0},{4,300},{5,20}}","{123,187}","{{117,98,14.98,3,0,0.5},{132,99.2,3,96.3,0,1},{133,3,100.8,3,0,0.5}}"
150105,15,5,1,大展览厅5,战斗吧！,20134,,70,79,79,79,1.0,1.0,1.0,5,111089,5,5,"{{2,0},{4,300},{5,20}}","{432,-13}","{{339,1,3,140.2,0,1},{339.7,-137.8,88.5,3,0,0.5}}"
150106,15,6,1,大展览厅6,战斗吧！,20135,,70,80,80,80,1.0,1.0,1.0,5,111090,5,5,"{{2,0},{4,300},{5,20}}","{633,-236}",{}
10201,1,1,2,商业中心1,战斗吧！,10101,,1,1,1,1,2.0,2.0,2.0,5,112001,5,5,"{{2,0},{4,300},{5,20}}","{-701,67}","{{-446.6,91,14.98,3,0,0.5},{-431.6,92.6,3,190.2,0,1},{-428.9,-95.8,52.6,3,0,0.5}}"
10202,1,2,2,商业中心2,战斗吧！,10102,,1,1,1,1,2.0,2.0,2.0,5,112002,5,5,"{{2,0},{4,300},{5,20}}","{-496,-265}","{{-274.8,-95.8,126.9,3,0,0.5}}"
10203,1,3,2,商业中心3,战斗吧！,10103,,1,1,1,1,2.0,2.0,2.0,5,112003,5,5,"{{2,0},{4,300},{5,20}}","{-187,-55}","{{-45.9,-95.8,61.2,3,0,0.5},{12.19,-96.94,3,194.5,0,0}}"
10204,1,4,2,商业中心4,战斗吧！,10104,,1,2,2,2,2.0,2.0,2.0,5,112004,5,5,"{{2,0},{4,300},{5,20}}","{123,187}","{{117,98,14.98,3,0,0.5},{132,99.2,3,96.3,0,1},{133,3,100.8,3,0,0.5}}"
10205,1,5,2,商业中心5,战斗吧！,10105,,1,2,2,2,2.0,2.0,2.0,5,112005,5,5,"{{2,0},{4,300},{5,20}}","{432,-13}","{{339,1,3,140.2,0,1},{339.7,-137.8,88.5,3,0,0.5}}"
10206,1,6,2,商业中心6,战斗吧！,10106,,1,2,2,2,2.0,2.0,2.0,5,112006,5,5,"{{2,0},{4,300},{5,20}}","{633,-236}",{}
20201,2,1,2,仓库1,战斗吧！,10107,,5,3,3,3,2.0,2.0,2.0,5,112007,5,5,"{{2,0},{4,300},{5,20}}","{-701,67}","{{-446.6,91,14.98,3,0,0.5},{-431.6,92.6,3,190.2,0,1},{-428.9,-95.8,52.6,3,0,0.5}}"
20202,2,2,2,仓库2,战斗吧！,10108,,5,3,3,3,2.0,2.0,2.0,5,112008,5,5,"{{2,0},{4,300},{5,20}}","{-496,-265}","{{-274.8,-95.8,126.9,3,0,0.5}}"
20203,2,3,2,仓库3,战斗吧！,10109,,5,3,3,3,2.0,2.0,2.0,5,112009,5,5,"{{2,0},{4,300},{5,20}}","{-187,-55}","{{-45.9,-95.8,61.2,3,0,0.5},{12.19,-96.94,3,194.5,0,0}}"
20204,2,4,2,仓库4,战斗吧！,10110,,5,4,4,4,2.0,2.0,2.0,5,112010,5,5,"{{2,0},{4,300},{5,20}}","{123,187}","{{117,98,14.98,3,0,0.5},{132,99.2,3,96.3,0,1},{133,3,100.8,3,0,0.5}}"
20205,2,5,2,仓库5,战斗吧！,10111,,5,4,4,4,2.0,2.0,2.0,5,112011,5,5,"{{2,0},{4,300},{5,20}}","{432,-13}","{{339,1,3,140.2,0,1},{339.7,-137.8,88.5,3,0,0.5}}"
20206,2,6,2,仓库6,战斗吧！,10112,,5,5,5,5,2.0,2.0,2.0,5,112012,5,5,"{{2,0},{4,300},{5,20}}","{633,-236}",{}
30201,3,1,2,整备间1,战斗吧！,10113,,10,5,5,5,2.0,2.0,2.0,5,112013,5,5,"{{2,0},{4,300},{5,20}}","{-701,67}","{{-446.6,91,14.98,3,0,0.5},{-431.6,92.6,3,190.2,0,1},{-428.9,-95.8,52.6,3,0,0.5}}"
30202,3,2,2,整备间2,战斗吧！,10114,,10,6,6,6,2.0,2.0,2.0,5,112014,5,5,"{{2,0},{4,300},{5,20}}","{-496,-265}","{{-274.8,-95.8,126.9,3,0,0.5}}"
30203,3,3,2,整备间3,战斗吧！,10115,,10,6,6,6,2.0,2.0,2.0,5,112015,5,5,"{{2,0},{4,300},{5,20}}","{-187,-55}","{{-45.9,-95.8,61.2,3,0,0.5},{12.19,-96.94,3,194.5,0,0}}"
30204,3,4,2,整备间4,战斗吧！,10116,,10,7,7,7,2.0,2.0,2.0,5,112016,5,5,"{{2,0},{4,300},{5,20}}","{123,187}","{{117,98,14.98,3,0,0.5},{132,99.2,3,96.3,0,1},{133,3,100.8,3,0,0.5}}"
30205,3,5,2,整备间5,战斗吧！,10117,,10,7,7,7,2.0,2.0,2.0,5,112017,5,5,"{{2,0},{4,300},{5,20}}","{432,-13}","{{339,1,3,140.2,0,1},{339.7,-137.8,88.5,3,0,0.5}}"
30206,3,6,2,整备间6,战斗吧！,10118,,10,8,8,8,2.0,2.0,2.0,5,112018,5,5,"{{2,0},{4,300},{5,20}}","{633,-236}",{}
40201,4,1,2,指挥间1,战斗吧！,10119,,15,9,9,9,2.0,2.0,2.0,5,112019,5,5,"{{2,0},{4,300},{5,20}}","{-701,67}","{{-446.6,91,14.98,3,0,0.5},{-431.6,92.6,3,190.2,0,1},{-428.9,-95.8,52.6,3,0,0.5}}"
40202,4,2,2,指挥间2,战斗吧！,10120,,15,10,10,10,2.0,2.0,2.0,5,112020,5,5,"{{2,0},{4,300},{5,20}}","{-496,-265}","{{-274.8,-95.8,126.9,3,0,0.5}}"
40203,4,3,2,指挥间3,战斗吧！,10121,,15,11,11,11,2.0,2.0,2.0,5,112021,5,5,"{{2,0},{4,300},{5,20}}","{-187,-55}","{{-45.9,-95.8,61.2,3,0,0.5},{12.19,-96.94,3,194.5,0,0}}"
40204,4,4,2,指挥间4,战斗吧！,10122,,15,12,12,12,2.0,2.0,2.0,5,112022,5,5,"{{2,0},{4,300},{5,20}}","{123,187}","{{117,98,14.98,3,0,0.5},{132,99.2,3,96.3,0,1},{133,3,100.8,3,0,0.5}}"
40205,4,5,2,指挥间5,战斗吧！,10123,,15,13,13,13,2.0,2.0,2.0,5,112023,5,5,"{{2,0},{4,300},{5,20}}","{432,-13}","{{339,1,3,140.2,0,1},{339.7,-137.8,88.5,3,0,0.5}}"
40206,4,6,2,指挥间6,战斗吧！,10124,,15,14,14,14,2.0,2.0,2.0,5,112024,5,5,"{{2,0},{4,300},{5,20}}","{633,-236}",{}
50201,5,1,2,熔炉1,战斗吧！,10125,,20,15,15,15,2.0,2.0,2.0,5,112025,5,5,"{{2,0},{4,300},{5,20}}","{-701,67}","{{-446.6,91,14.98,3,0,0.5},{-431.6,92.6,3,190.2,0,1},{-428.9,-95.8,52.6,3,0,0.5}}"
50202,5,2,2,熔炉2,战斗吧！,10126,,20,16,16,16,2.0,2.0,2.0,5,112026,5,5,"{{2,0},{4,300},{5,20}}","{-496,-265}","{{-274.8,-95.8,126.9,3,0,0.5}}"
50203,5,3,2,熔炉3,战斗吧！,10127,,20,17,17,17,2.0,2.0,2.0,5,112027,5,5,"{{2,0},{4,300},{5,20}}","{-187,-55}","{{-45.9,-95.8,61.2,3,0,0.5},{12.19,-96.94,3,194.5,0,0}}"
50204,5,4,2,熔炉4,战斗吧！,10128,,20,18,18,18,2.0,2.0,2.0,5,112028,5,5,"{{2,0},{4,300},{5,20}}","{123,187}","{{117,98,14.98,3,0,0.5},{132,99.2,3,96.3,0,1},{133,3,100.8,3,0,0.5}}"
50205,5,5,2,熔炉5,战斗吧！,10129,,20,19,19,19,2.0,2.0,2.0,5,112029,5,5,"{{2,0},{4,300},{5,20}}","{432,-13}","{{339,1,3,140.2,0,1},{339.7,-137.8,88.5,3,0,0.5}}"
50206,5,6,2,熔炉6,战斗吧！,10130,,20,20,20,20,2.0,2.0,2.0,5,112030,5,5,"{{2,0},{4,300},{5,20}}","{633,-236}",{}
60201,6,1,2,地下1,战斗吧！,10131,,25,21,21,21,2.0,2.0,2.0,5,112031,5,5,"{{2,0},{4,300},{5,20}}","{-701,67}","{{-446.6,91,14.98,3,0,0.5},{-431.6,92.6,3,190.2,0,1},{-428.9,-95.8,52.6,3,0,0.5}}"
60202,6,2,2,地下2,战斗吧！,10132,,25,22,22,22,2.0,2.0,2.0,5,112032,5,5,"{{2,0},{4,300},{5,20}}","{-496,-265}","{{-274.8,-95.8,126.9,3,0,0.5}}"
60203,6,3,2,地下3,战斗吧！,10133,,25,23,23,23,2.0,2.0,2.0,5,112033,5,5,"{{2,0},{4,300},{5,20}}","{-187,-55}","{{-45.9,-95.8,61.2,3,0,0.5},{12.19,-96.94,3,194.5,0,0}}"
60204,6,4,2,地下4,战斗吧！,10134,,25,24,24,24,2.0,2.0,2.0,5,112034,5,5,"{{2,0},{4,300},{5,20}}","{123,187}","{{117,98,14.98,3,0,0.5},{132,99.2,3,96.3,0,1},{133,3,100.8,3,0,0.5}}"
60205,6,5,2,地下5,战斗吧！,10135,,25,25,25,25,2.0,2.0,2.0,5,112035,5,5,"{{2,0},{4,300},{5,20}}","{432,-13}","{{339,1,3,140.2,0,1},{339.7,-137.8,88.5,3,0,0.5}}"
60206,6,6,2,地下6,战斗吧！,10136,,25,26,26,26,2.0,2.0,2.0,5,112036,5,5,"{{2,0},{4,300},{5,20}}","{633,-236}",{}
70201,7,1,2,异空间1,战斗吧！,10137,,30,27,27,27,2.0,2.0,2.0,5,112037,5,5,"{{2,0},{4,300},{5,20}}","{-701,67}","{{-446.6,91,14.98,3,0,0.5},{-431.6,92.6,3,190.2,0,1},{-428.9,-95.8,52.6,3,0,0.5}}"
70202,7,2,2,异空间2,战斗吧！,10138,,30,28,28,28,2.0,2.0,2.0,5,112038,5,5,"{{2,0},{4,300},{5,20}}","{-496,-265}","{{-274.8,-95.8,126.9,3,0,0.5}}"
70203,7,3,2,异空间3,战斗吧！,10139,,30,29,29,29,2.0,2.0,2.0,5,112039,5,5,"{{2,0},{4,300},{5,20}}","{-187,-55}","{{-45.9,-95.8,61.2,3,0,0.5},{12.19,-96.94,3,194.5,0,0}}"
70204,7,4,2,异空间4,战斗吧！,10140,,30,30,30,30,2.0,2.0,2.0,5,112040,5,5,"{{2,0},{4,300},{5,20}}","{123,187}","{{117,98,14.98,3,0,0.5},{132,99.2,3,96.3,0,1},{133,3,100.8,3,0,0.5}}"
70205,7,5,2,异空间5,战斗吧！,10141,,30,31,31,31,2.0,2.0,2.0,5,112041,5,5,"{{2,0},{4,300},{5,20}}","{432,-13}","{{339,1,3,140.2,0,1},{339.7,-137.8,88.5,3,0,0.5}}"
70206,7,6,2,异空间6,战斗吧！,10142,,30,32,32,32,2.0,2.0,2.0,5,112042,5,5,"{{2,0},{4,300},{5,20}}","{633,-236}",{}
80201,8,1,2,舞台1,战斗吧！,10143,,35,33,33,33,2.0,2.0,2.0,5,112043,5,5,"{{2,0},{4,300},{5,20}}","{-701,67}","{{-446.6,91,14.98,3,0,0.5},{-431.6,92.6,3,190.2,0,1},{-428.9,-95.8,52.6,3,0,0.5}}"
80202,8,2,2,舞台2,战斗吧！,10144,,35,34,34,34,2.0,2.0,2.0,5,112044,5,5,"{{2,0},{4,300},{5,20}}","{-496,-265}","{{-274.8,-95.8,126.9,3,0,0.5}}"
80203,8,3,2,舞台3,战斗吧！,10145,,35,35,35,35,2.0,2.0,2.0,5,112045,5,5,"{{2,0},{4,300},{5,20}}","{-187,-55}","{{-45.9,-95.8,61.2,3,0,0.5},{12.19,-96.94,3,194.5,0,0}}"
80204,8,4,2,舞台4,战斗吧！,10146,,35,36,36,36,2.0,2.0,2.0,5,112046,5,5,"{{2,0},{4,300},{5,20}}","{123,187}","{{117,98,14.98,3,0,0.5},{132,99.2,3,96.3,0,1},{133,3,100.8,3,0,0.5}}"
80205,8,5,2,舞台5,战斗吧！,10147,,35,37,37,37,2.0,2.0,2.0,5,112047,5,5,"{{2,0},{4,300},{5,20}}","{432,-13}","{{339,1,3,140.2,0,1},{339.7,-137.8,88.5,3,0,0.5}}"
80206,8,6,2,舞台6,战斗吧！,10148,,35,38,38,38,2.0,2.0,2.0,5,112048,5,5,"{{2,0},{4,300},{5,20}}","{633,-236}",{}
90201,9,1,2,天井1,战斗吧！,10149,,40,39,39,39,2.0,2.0,2.0,5,112049,5,5,"{{2,0},{4,300},{5,20}}","{-701,67}","{{-446.6,91,14.98,3,0,0.5},{-431.6,92.6,3,190.2,0,1},{-428.9,-95.8,52.6,3,0,0.5}}"
90202,9,2,2,天井2,战斗吧！,10150,,40,40,40,40,2.0,2.0,2.0,5,112050,5,5,"{{2,0},{4,300},{5,20}}","{-496,-265}","{{-274.8,-95.8,126.9,3,0,0.5}}"
90203,9,3,2,天井3,战斗吧！,10151,,40,41,41,41,2.0,2.0,2.0,5,112051,5,5,"{{2,0},{4,300},{5,20}}","{-187,-55}","{{-45.9,-95.8,61.2,3,0,0.5},{12.19,-96.94,3,194.5,0,0}}"
90204,9,4,2,天井4,战斗吧！,10152,,40,42,42,42,2.0,2.0,2.0,5,112052,5,5,"{{2,0},{4,300},{5,20}}","{123,187}","{{117,98,14.98,3,0,0.5},{132,99.2,3,96.3,0,1},{133,3,100.8,3,0,0.5}}"
90205,9,5,2,天井5,战斗吧！,10153,,40,43,43,43,2.0,2.0,2.0,5,112053,5,5,"{{2,0},{4,300},{5,20}}","{432,-13}","{{339,1,3,140.2,0,1},{339.7,-137.8,88.5,3,0,0.5}}"
90206,9,6,2,天井6,战斗吧！,10154,,40,44,44,44,2.0,2.0,2.0,5,112054,5,5,"{{2,0},{4,300},{5,20}}","{633,-236}",{}
100201,10,1,2,回廊1,战斗吧！,10155,,45,45,45,45,2.0,2.0,2.0,5,112055,5,5,"{{2,0},{4,300},{5,20}}","{-701,67}","{{-446.6,91,14.98,3,0,0.5},{-431.6,92.6,3,190.2,0,1},{-428.9,-95.8,52.6,3,0,0.5}}"
100202,10,2,2,回廊2,战斗吧！,20101,,45,46,46,46,2.0,2.0,2.0,5,112056,5,5,"{{2,0},{4,300},{5,20}}","{-496,-265}","{{-274.8,-95.8,126.9,3,0,0.5}}"
100203,10,3,2,回廊3,战斗吧！,20102,,45,47,47,47,2.0,2.0,2.0,5,112057,5,5,"{{2,0},{4,300},{5,20}}","{-187,-55}","{{-45.9,-95.8,61.2,3,0,0.5},{12.19,-96.94,3,194.5,0,0}}"
100204,10,4,2,回廊4,战斗吧！,20103,,45,48,48,48,2.0,2.0,2.0,5,112058,5,5,"{{2,0},{4,300},{5,20}}","{123,187}","{{117,98,14.98,3,0,0.5},{132,99.2,3,96.3,0,1},{133,3,100.8,3,0,0.5}}"
100205,10,5,2,回廊5,战斗吧！,20104,,45,49,49,49,2.0,2.0,2.0,5,112059,5,5,"{{2,0},{4,300},{5,20}}","{432,-13}","{{339,1,3,140.2,0,1},{339.7,-137.8,88.5,3,0,0.5}}"
100206,10,6,2,回廊6,战斗吧！,20105,,45,50,50,50,2.0,2.0,2.0,5,112060,5,5,"{{2,0},{4,300},{5,20}}","{633,-236}",{}
110201,11,1,2,大厅1,战斗吧！,20106,,50,51,51,51,2.0,2.0,2.0,5,112061,5,5,"{{2,0},{4,300},{5,20}}","{-701,67}","{{-446.6,91,14.98,3,0,0.5},{-431.6,92.6,3,190.2,0,1},{-428.9,-95.8,52.6,3,0,0.5}}"
110202,11,2,2,大厅2,战斗吧！,20107,,50,52,52,52,2.0,2.0,2.0,5,112062,5,5,"{{2,0},{4,300},{5,20}}","{-496,-265}","{{-274.8,-95.8,126.9,3,0,0.5}}"
110203,11,3,2,大厅3,战斗吧！,20108,,50,53,53,53,2.0,2.0,2.0,5,112063,5,5,"{{2,0},{4,300},{5,20}}","{-187,-55}","{{-45.9,-95.8,61.2,3,0,0.5},{12.19,-96.94,3,194.5,0,0}}"
110204,11,4,2,大厅4,战斗吧！,20109,,50,54,54,54,2.0,2.0,2.0,5,112064,5,5,"{{2,0},{4,300},{5,20}}","{123,187}","{{117,98,14.98,3,0,0.5},{132,99.2,3,96.3,0,1},{133,3,100.8,3,0,0.5}}"
110205,11,5,2,大厅5,战斗吧！,20110,,50,55,55,55,2.0,2.0,2.0,5,112065,5,5,"{{2,0},{4,300},{5,20}}","{432,-13}","{{339,1,3,140.2,0,1},{339.7,-137.8,88.5,3,0,0.5}}"
110206,11,6,2,大厅6,战斗吧！,20111,,50,56,56,56,2.0,2.0,2.0,5,112066,5,5,"{{2,0},{4,300},{5,20}}","{633,-236}",{}
120201,12,1,2,阁楼1,战斗吧！,20112,,55,57,57,57,2.0,2.0,2.0,5,112067,5,5,"{{2,0},{4,300},{5,20}}","{-701,67}","{{-446.6,91,14.98,3,0,0.5},{-431.6,92.6,3,190.2,0,1},{-428.9,-95.8,52.6,3,0,0.5}}"
120202,12,2,2,阁楼2,战斗吧！,20113,,55,58,58,58,2.0,2.0,2.0,5,112068,5,5,"{{2,0},{4,300},{5,20}}","{-496,-265}","{{-274.8,-95.8,126.9,3,0,0.5}}"
120203,12,3,2,阁楼3,战斗吧！,20114,,55,59,59,59,2.0,2.0,2.0,5,112069,5,5,"{{2,0},{4,300},{5,20}}","{-187,-55}","{{-45.9,-95.8,61.2,3,0,0.5},{12.19,-96.94,3,194.5,0,0}}"
120204,12,4,2,阁楼4,战斗吧！,20115,,55,60,60,60,2.0,2.0,2.0,5,112070,5,5,"{{2,0},{4,300},{5,20}}","{123,187}","{{117,98,14.98,3,0,0.5},{132,99.2,3,96.3,0,1},{133,3,100.8,3,0,0.5}}"
120205,12,5,2,阁楼5,战斗吧！,20116,,55,61,61,61,2.0,2.0,2.0,5,112071,5,5,"{{2,0},{4,300},{5,20}}","{432,-13}","{{339,1,3,140.2,0,1},{339.7,-137.8,88.5,3,0,0.5}}"
120206,12,6,2,阁楼6,战斗吧！,20117,,55,62,62,62,2.0,2.0,2.0,5,112072,5,5,"{{2,0},{4,300},{5,20}}","{633,-236}",{}
130201,13,1,2,楼梯间1,战斗吧！,20118,,60,63,63,63,2.0,2.0,2.0,5,112073,5,5,"{{2,0},{4,300},{5,20}}","{-701,67}","{{-446.6,91,14.98,3,0,0.5},{-431.6,92.6,3,190.2,0,1},{-428.9,-95.8,52.6,3,0,0.5}}"
130202,13,2,2,楼梯间2,战斗吧！,20119,,60,64,64,64,2.0,2.0,2.0,5,112074,5,5,"{{2,0},{4,300},{5,20}}","{-496,-265}","{{-274.8,-95.8,126.9,3,0,0.5}}"
130203,13,3,2,楼梯间3,战斗吧！,20120,,60,65,65,65,2.0,2.0,2.0,5,112075,5,5,"{{2,0},{4,300},{5,20}}","{-187,-55}","{{-45.9,-95.8,61.2,3,0,0.5},{12.19,-96.94,3,194.5,0,0}}"
130204,13,4,2,楼梯间4,战斗吧！,20121,,60,66,66,66,2.0,2.0,2.0,5,112076,5,5,"{{2,0},{4,300},{5,20}}","{123,187}","{{117,98,14.98,3,0,0.5},{132,99.2,3,96.3,0,1},{133,3,100.8,3,0,0.5}}"
130205,13,5,2,楼梯间5,战斗吧！,20122,,60,67,67,67,2.0,2.0,2.0,5,112077,5,5,"{{2,0},{4,300},{5,20}}","{432,-13}","{{339,1,3,140.2,0,1},{339.7,-137.8,88.5,3,0,0.5}}"
130206,13,6,2,楼梯间6,战斗吧！,20123,,60,68,68,68,2.0,2.0,2.0,5,112078,5,5,"{{2,0},{4,300},{5,20}}","{633,-236}",{}
140201,14,1,2,书房1,战斗吧！,20124,,65,69,69,69,2.0,2.0,2.0,5,112079,5,5,"{{2,0},{4,300},{5,20}}","{-701,67}","{{-446.6,91,14.98,3,0,0.5},{-431.6,92.6,3,190.2,0,1},{-428.9,-95.8,52.6,3,0,0.5}}"
140202,14,2,2,书房2,战斗吧！,20125,,65,70,70,70,2.0,2.0,2.0,5,112080,5,5,"{{2,0},{4,300},{5,20}}","{-496,-265}","{{-274.8,-95.8,126.9,3,0,0.5}}"
140203,14,3,2,书房3,战斗吧！,20126,,65,71,71,71,2.0,2.0,2.0,5,112081,5,5,"{{2,0},{4,300},{5,20}}","{-187,-55}","{{-45.9,-95.8,61.2,3,0,0.5},{12.19,-96.94,3,194.5,0,0}}"
140204,14,4,2,书房4,战斗吧！,20127,,65,72,72,72,2.0,2.0,2.0,5,112082,5,5,"{{2,0},{4,300},{5,20}}","{123,187}","{{117,98,14.98,3,0,0.5},{132,99.2,3,96.3,0,1},{133,3,100.8,3,0,0.5}}"
140205,14,5,2,书房5,战斗吧！,20128,,65,73,73,73,2.0,2.0,2.0,5,112083,5,5,"{{2,0},{4,300},{5,20}}","{432,-13}","{{339,1,3,140.2,0,1},{339.7,-137.8,88.5,3,0,0.5}}"
140206,14,6,2,书房6,战斗吧！,20129,,65,74,74,74,2.0,2.0,2.0,5,112084,5,5,"{{2,0},{4,300},{5,20}}","{633,-236}",{}
150201,15,1,2,大展览厅1,战斗吧！,20130,,70,75,75,75,2.0,2.0,2.0,5,112085,5,5,"{{2,0},{4,300},{5,20}}","{-701,67}","{{-446.6,91,14.98,3,0,0.5},{-431.6,92.6,3,190.2,0,1},{-428.9,-95.8,52.6,3,0,0.5}}"
150202,15,2,2,大展览厅2,战斗吧！,20131,,70,76,76,76,2.0,2.0,2.0,5,112086,5,5,"{{2,0},{4,300},{5,20}}","{-496,-265}","{{-274.8,-95.8,126.9,3,0,0.5}}"
150203,15,3,2,大展览厅3,战斗吧！,20132,,70,77,77,77,2.0,2.0,2.0,5,112087,5,5,"{{2,0},{4,300},{5,20}}","{-187,-55}","{{-45.9,-95.8,61.2,3,0,0.5},{12.19,-96.94,3,194.5,0,0}}"
150204,15,4,2,大展览厅4,战斗吧！,20133,,70,78,78,78,2.0,2.0,2.0,5,112088,5,5,"{{2,0},{4,300},{5,20}}","{123,187}","{{117,98,14.98,3,0,0.5},{132,99.2,3,96.3,0,1},{133,3,100.8,3,0,0.5}}"
150205,15,5,2,大展览厅5,战斗吧！,20134,,70,79,79,79,2.0,2.0,2.0,5,112089,5,5,"{{2,0},{4,300},{5,20}}","{432,-13}","{{339,1,3,140.2,0,1},{339.7,-137.8,88.5,3,0,0.5}}"
150206,15,6,2,大展览厅6,战斗吧！,20135,,70,80,80,80,2.0,2.0,2.0,5,112090,5,5,"{{2,0},{4,300},{5,20}}","{633,-236}",{}
10301,1,1,3,商业中心1,战斗吧！,10101,,1,1,1,1,3.0,3.0,3.0,5,113001,5,5,"{{2,0},{4,300},{5,20}}","{-701,67}","{{-446.6,91,14.98,3,0,0.5},{-431.6,92.6,3,190.2,0,1},{-428.9,-95.8,52.6,3,0,0.5}}"
10302,1,2,3,商业中心2,战斗吧！,10102,,1,1,1,1,3.0,3.0,3.0,5,113002,5,5,"{{2,0},{4,300},{5,20}}","{-496,-265}","{{-274.8,-95.8,126.9,3,0,0.5}}"
10303,1,3,3,商业中心3,战斗吧！,10103,,1,1,1,1,3.0,3.0,3.0,5,113003,5,5,"{{2,0},{4,300},{5,20}}","{-187,-55}","{{-45.9,-95.8,61.2,3,0,0.5},{12.19,-96.94,3,194.5,0,0}}"
10304,1,4,3,商业中心4,战斗吧！,10104,,1,2,2,2,3.0,3.0,3.0,5,113004,5,5,"{{2,0},{4,300},{5,20}}","{123,187}","{{117,98,14.98,3,0,0.5},{132,99.2,3,96.3,0,1},{133,3,100.8,3,0,0.5}}"
10305,1,5,3,商业中心5,战斗吧！,10105,,1,2,2,2,3.0,3.0,3.0,5,113005,5,5,"{{2,0},{4,300},{5,20}}","{432,-13}","{{339,1,3,140.2,0,1},{339.7,-137.8,88.5,3,0,0.5}}"
10306,1,6,3,商业中心6,战斗吧！,10106,,1,2,2,2,3.0,3.0,3.0,5,113006,5,5,"{{2,0},{4,300},{5,20}}","{633,-236}",{}
20301,2,1,3,仓库1,战斗吧！,10107,,5,3,3,3,3.0,3.0,3.0,5,113007,5,5,"{{2,0},{4,300},{5,20}}","{-701,67}","{{-446.6,91,14.98,3,0,0.5},{-431.6,92.6,3,190.2,0,1},{-428.9,-95.8,52.6,3,0,0.5}}"
20302,2,2,3,仓库2,战斗吧！,10108,,5,3,3,3,3.0,3.0,3.0,5,113008,5,5,"{{2,0},{4,300},{5,20}}","{-496,-265}","{{-274.8,-95.8,126.9,3,0,0.5}}"
20303,2,3,3,仓库3,战斗吧！,10109,,5,3,3,3,3.0,3.0,3.0,5,113009,5,5,"{{2,0},{4,300},{5,20}}","{-187,-55}","{{-45.9,-95.8,61.2,3,0,0.5},{12.19,-96.94,3,194.5,0,0}}"
20304,2,4,3,仓库4,战斗吧！,10110,,5,4,4,4,3.0,3.0,3.0,5,113010,5,5,"{{2,0},{4,300},{5,20}}","{123,187}","{{117,98,14.98,3,0,0.5},{132,99.2,3,96.3,0,1},{133,3,100.8,3,0,0.5}}"
20305,2,5,3,仓库5,战斗吧！,10111,,5,4,4,4,3.0,3.0,3.0,5,113011,5,5,"{{2,0},{4,300},{5,20}}","{432,-13}","{{339,1,3,140.2,0,1},{339.7,-137.8,88.5,3,0,0.5}}"
20306,2,6,3,仓库6,战斗吧！,10112,,5,5,5,5,3.0,3.0,3.0,5,113012,5,5,"{{2,0},{4,300},{5,20}}","{633,-236}",{}
30301,3,1,3,整备间1,战斗吧！,10113,,10,5,5,5,3.0,3.0,3.0,5,113013,5,5,"{{2,0},{4,300},{5,20}}","{-701,67}","{{-446.6,91,14.98,3,0,0.5},{-431.6,92.6,3,190.2,0,1},{-428.9,-95.8,52.6,3,0,0.5}}"
30302,3,2,3,整备间2,战斗吧！,10114,,10,6,6,6,3.0,3.0,3.0,5,113014,5,5,"{{2,0},{4,300},{5,20}}","{-496,-265}","{{-274.8,-95.8,126.9,3,0,0.5}}"
30303,3,3,3,整备间3,战斗吧！,10115,,10,6,6,6,3.0,3.0,3.0,5,113015,5,5,"{{2,0},{4,300},{5,20}}","{-187,-55}","{{-45.9,-95.8,61.2,3,0,0.5},{12.19,-96.94,3,194.5,0,0}}"
30304,3,4,3,整备间4,战斗吧！,10116,,10,7,7,7,3.0,3.0,3.0,5,113016,5,5,"{{2,0},{4,300},{5,20}}","{123,187}","{{117,98,14.98,3,0,0.5},{132,99.2,3,96.3,0,1},{133,3,100.8,3,0,0.5}}"
30305,3,5,3,整备间5,战斗吧！,10117,,10,7,7,7,3.0,3.0,3.0,5,113017,5,5,"{{2,0},{4,300},{5,20}}","{432,-13}","{{339,1,3,140.2,0,1},{339.7,-137.8,88.5,3,0,0.5}}"
30306,3,6,3,整备间6,战斗吧！,10118,,10,8,8,8,3.0,3.0,3.0,5,113018,5,5,"{{2,0},{4,300},{5,20}}","{633,-236}",{}
40301,4,1,3,指挥间1,战斗吧！,10119,,15,9,9,9,3.0,3.0,3.0,5,113019,5,5,"{{2,0},{4,300},{5,20}}","{-701,67}","{{-446.6,91,14.98,3,0,0.5},{-431.6,92.6,3,190.2,0,1},{-428.9,-95.8,52.6,3,0,0.5}}"
40302,4,2,3,指挥间2,战斗吧！,10120,,15,10,10,10,3.0,3.0,3.0,5,113020,5,5,"{{2,0},{4,300},{5,20}}","{-496,-265}","{{-274.8,-95.8,126.9,3,0,0.5}}"
40303,4,3,3,指挥间3,战斗吧！,10121,,15,11,11,11,3.0,3.0,3.0,5,113021,5,5,"{{2,0},{4,300},{5,20}}","{-187,-55}","{{-45.9,-95.8,61.2,3,0,0.5},{12.19,-96.94,3,194.5,0,0}}"
40304,4,4,3,指挥间4,战斗吧！,10122,,15,12,12,12,3.0,3.0,3.0,5,113022,5,5,"{{2,0},{4,300},{5,20}}","{123,187}","{{117,98,14.98,3,0,0.5},{132,99.2,3,96.3,0,1},{133,3,100.8,3,0,0.5}}"
40305,4,5,3,指挥间5,战斗吧！,10123,,15,13,13,13,3.0,3.0,3.0,5,113023,5,5,"{{2,0},{4,300},{5,20}}","{432,-13}","{{339,1,3,140.2,0,1},{339.7,-137.8,88.5,3,0,0.5}}"
40306,4,6,3,指挥间6,战斗吧！,10124,,15,14,14,14,3.0,3.0,3.0,5,113024,5,5,"{{2,0},{4,300},{5,20}}","{633,-236}",{}
50301,5,1,3,熔炉1,战斗吧！,10125,,20,15,15,15,3.0,3.0,3.0,5,113025,5,5,"{{2,0},{4,300},{5,20}}","{-701,67}","{{-446.6,91,14.98,3,0,0.5},{-431.6,92.6,3,190.2,0,1},{-428.9,-95.8,52.6,3,0,0.5}}"
50302,5,2,3,熔炉2,战斗吧！,10126,,20,16,16,16,3.0,3.0,3.0,5,113026,5,5,"{{2,0},{4,300},{5,20}}","{-496,-265}","{{-274.8,-95.8,126.9,3,0,0.5}}"
50303,5,3,3,熔炉3,战斗吧！,10127,,20,17,17,17,3.0,3.0,3.0,5,113027,5,5,"{{2,0},{4,300},{5,20}}","{-187,-55}","{{-45.9,-95.8,61.2,3,0,0.5},{12.19,-96.94,3,194.5,0,0}}"
50304,5,4,3,熔炉4,战斗吧！,10128,,20,18,18,18,3.0,3.0,3.0,5,113028,5,5,"{{2,0},{4,300},{5,20}}","{123,187}","{{117,98,14.98,3,0,0.5},{132,99.2,3,96.3,0,1},{133,3,100.8,3,0,0.5}}"
50305,5,5,3,熔炉5,战斗吧！,10129,,20,19,19,19,3.0,3.0,3.0,5,113029,5,5,"{{2,0},{4,300},{5,20}}","{432,-13}","{{339,1,3,140.2,0,1},{339.7,-137.8,88.5,3,0,0.5}}"
50306,5,6,3,熔炉6,战斗吧！,10130,,20,20,20,20,3.0,3.0,3.0,5,113030,5,5,"{{2,0},{4,300},{5,20}}","{633,-236}",{}
60301,6,1,3,地下1,战斗吧！,10131,,25,21,21,21,3.0,3.0,3.0,5,113031,5,5,"{{2,0},{4,300},{5,20}}","{-701,67}","{{-446.6,91,14.98,3,0,0.5},{-431.6,92.6,3,190.2,0,1},{-428.9,-95.8,52.6,3,0,0.5}}"
60302,6,2,3,地下2,战斗吧！,10132,,25,22,22,22,3.0,3.0,3.0,5,113032,5,5,"{{2,0},{4,300},{5,20}}","{-496,-265}","{{-274.8,-95.8,126.9,3,0,0.5}}"
60303,6,3,3,地下3,战斗吧！,10133,,25,23,23,23,3.0,3.0,3.0,5,113033,5,5,"{{2,0},{4,300},{5,20}}","{-187,-55}","{{-45.9,-95.8,61.2,3,0,0.5},{12.19,-96.94,3,194.5,0,0}}"
60304,6,4,3,地下4,战斗吧！,10134,,25,24,24,24,3.0,3.0,3.0,5,113034,5,5,"{{2,0},{4,300},{5,20}}","{123,187}","{{117,98,14.98,3,0,0.5},{132,99.2,3,96.3,0,1},{133,3,100.8,3,0,0.5}}"
60305,6,5,3,地下5,战斗吧！,10135,,25,25,25,25,3.0,3.0,3.0,5,113035,5,5,"{{2,0},{4,300},{5,20}}","{432,-13}","{{339,1,3,140.2,0,1},{339.7,-137.8,88.5,3,0,0.5}}"
60306,6,6,3,地下6,战斗吧！,10136,,25,26,26,26,3.0,3.0,3.0,5,113036,5,5,"{{2,0},{4,300},{5,20}}","{633,-236}",{}
70301,7,1,3,异空间1,战斗吧！,10137,,30,27,27,27,3.0,3.0,3.0,5,113037,5,5,"{{2,0},{4,300},{5,20}}","{-701,67}","{{-446.6,91,14.98,3,0,0.5},{-431.6,92.6,3,190.2,0,1},{-428.9,-95.8,52.6,3,0,0.5}}"
70302,7,2,3,异空间2,战斗吧！,10138,,30,28,28,28,3.0,3.0,3.0,5,113038,5,5,"{{2,0},{4,300},{5,20}}","{-496,-265}","{{-274.8,-95.8,126.9,3,0,0.5}}"
70303,7,3,3,异空间3,战斗吧！,10139,,30,29,29,29,3.0,3.0,3.0,5,113039,5,5,"{{2,0},{4,300},{5,20}}","{-187,-55}","{{-45.9,-95.8,61.2,3,0,0.5},{12.19,-96.94,3,194.5,0,0}}"
70304,7,4,3,异空间4,战斗吧！,10140,,30,30,30,30,3.0,3.0,3.0,5,113040,5,5,"{{2,0},{4,300},{5,20}}","{123,187}","{{117,98,14.98,3,0,0.5},{132,99.2,3,96.3,0,1},{133,3,100.8,3,0,0.5}}"
70305,7,5,3,异空间5,战斗吧！,10141,,30,31,31,31,3.0,3.0,3.0,5,113041,5,5,"{{2,0},{4,300},{5,20}}","{432,-13}","{{339,1,3,140.2,0,1},{339.7,-137.8,88.5,3,0,0.5}}"
70306,7,6,3,异空间6,战斗吧！,10142,,30,32,32,32,3.0,3.0,3.0,5,113042,5,5,"{{2,0},{4,300},{5,20}}","{633,-236}",{}
80301,8,1,3,舞台1,战斗吧！,10143,,35,33,33,33,3.0,3.0,3.0,5,113043,5,5,"{{2,0},{4,300},{5,20}}","{-701,67}","{{-446.6,91,14.98,3,0,0.5},{-431.6,92.6,3,190.2,0,1},{-428.9,-95.8,52.6,3,0,0.5}}"
80302,8,2,3,舞台2,战斗吧！,10144,,35,34,34,34,3.0,3.0,3.0,5,113044,5,5,"{{2,0},{4,300},{5,20}}","{-496,-265}","{{-274.8,-95.8,126.9,3,0,0.5}}"
80303,8,3,3,舞台3,战斗吧！,10145,,35,35,35,35,3.0,3.0,3.0,5,113045,5,5,"{{2,0},{4,300},{5,20}}","{-187,-55}","{{-45.9,-95.8,61.2,3,0,0.5},{12.19,-96.94,3,194.5,0,0}}"
80304,8,4,3,舞台4,战斗吧！,10146,,35,36,36,36,3.0,3.0,3.0,5,113046,5,5,"{{2,0},{4,300},{5,20}}","{123,187}","{{117,98,14.98,3,0,0.5},{132,99.2,3,96.3,0,1},{133,3,100.8,3,0,0.5}}"
80305,8,5,3,舞台5,战斗吧！,10147,,35,37,37,37,3.0,3.0,3.0,5,113047,5,5,"{{2,0},{4,300},{5,20}}","{432,-13}","{{339,1,3,140.2,0,1},{339.7,-137.8,88.5,3,0,0.5}}"
80306,8,6,3,舞台6,战斗吧！,10148,,35,38,38,38,3.0,3.0,3.0,5,113048,5,5,"{{2,0},{4,300},{5,20}}","{633,-236}",{}
90301,9,1,3,天井1,战斗吧！,10149,,40,39,39,39,3.0,3.0,3.0,5,113049,5,5,"{{2,0},{4,300},{5,20}}","{-701,67}","{{-446.6,91,14.98,3,0,0.5},{-431.6,92.6,3,190.2,0,1},{-428.9,-95.8,52.6,3,0,0.5}}"
90302,9,2,3,天井2,战斗吧！,10150,,40,40,40,40,3.0,3.0,3.0,5,113050,5,5,"{{2,0},{4,300},{5,20}}","{-496,-265}","{{-274.8,-95.8,126.9,3,0,0.5}}"
90303,9,3,3,天井3,战斗吧！,10151,,40,41,41,41,3.0,3.0,3.0,5,113051,5,5,"{{2,0},{4,300},{5,20}}","{-187,-55}","{{-45.9,-95.8,61.2,3,0,0.5},{12.19,-96.94,3,194.5,0,0}}"
90304,9,4,3,天井4,战斗吧！,10152,,40,42,42,42,3.0,3.0,3.0,5,113052,5,5,"{{2,0},{4,300},{5,20}}","{123,187}","{{117,98,14.98,3,0,0.5},{132,99.2,3,96.3,0,1},{133,3,100.8,3,0,0.5}}"
90305,9,5,3,天井5,战斗吧！,10153,,40,43,43,43,3.0,3.0,3.0,5,113053,5,5,"{{2,0},{4,300},{5,20}}","{432,-13}","{{339,1,3,140.2,0,1},{339.7,-137.8,88.5,3,0,0.5}}"
90306,9,6,3,天井6,战斗吧！,10154,,40,44,44,44,3.0,3.0,3.0,5,113054,5,5,"{{2,0},{4,300},{5,20}}","{633,-236}",{}
100301,10,1,3,回廊1,战斗吧！,10155,,45,45,45,45,3.0,3.0,3.0,5,113055,5,5,"{{2,0},{4,300},{5,20}}","{-701,67}","{{-446.6,91,14.98,3,0,0.5},{-431.6,92.6,3,190.2,0,1},{-428.9,-95.8,52.6,3,0,0.5}}"
100302,10,2,3,回廊2,战斗吧！,20101,,45,46,46,46,3.0,3.0,3.0,5,113056,5,5,"{{2,0},{4,300},{5,20}}","{-496,-265}","{{-274.8,-95.8,126.9,3,0,0.5}}"
100303,10,3,3,回廊3,战斗吧！,20102,,45,47,47,47,3.0,3.0,3.0,5,113057,5,5,"{{2,0},{4,300},{5,20}}","{-187,-55}","{{-45.9,-95.8,61.2,3,0,0.5},{12.19,-96.94,3,194.5,0,0}}"
100304,10,4,3,回廊4,战斗吧！,20103,,45,48,48,48,3.0,3.0,3.0,5,113058,5,5,"{{2,0},{4,300},{5,20}}","{123,187}","{{117,98,14.98,3,0,0.5},{132,99.2,3,96.3,0,1},{133,3,100.8,3,0,0.5}}"
100305,10,5,3,回廊5,战斗吧！,20104,,45,49,49,49,3.0,3.0,3.0,5,113059,5,5,"{{2,0},{4,300},{5,20}}","{432,-13}","{{339,1,3,140.2,0,1},{339.7,-137.8,88.5,3,0,0.5}}"
100306,10,6,3,回廊6,战斗吧！,20105,,45,50,50,50,3.0,3.0,3.0,5,113060,5,5,"{{2,0},{4,300},{5,20}}","{633,-236}",{}
110301,11,1,3,大厅1,战斗吧！,20106,,50,51,51,51,3.0,3.0,3.0,5,113061,5,5,"{{2,0},{4,300},{5,20}}","{-701,67}","{{-446.6,91,14.98,3,0,0.5},{-431.6,92.6,3,190.2,0,1},{-428.9,-95.8,52.6,3,0,0.5}}"
110302,11,2,3,大厅2,战斗吧！,20107,,50,52,52,52,3.0,3.0,3.0,5,113062,5,5,"{{2,0},{4,300},{5,20}}","{-496,-265}","{{-274.8,-95.8,126.9,3,0,0.5}}"
110303,11,3,3,大厅3,战斗吧！,20108,,50,53,53,53,3.0,3.0,3.0,5,113063,5,5,"{{2,0},{4,300},{5,20}}","{-187,-55}","{{-45.9,-95.8,61.2,3,0,0.5},{12.19,-96.94,3,194.5,0,0}}"
110304,11,4,3,大厅4,战斗吧！,20109,,50,54,54,54,3.0,3.0,3.0,5,113064,5,5,"{{2,0},{4,300},{5,20}}","{123,187}","{{117,98,14.98,3,0,0.5},{132,99.2,3,96.3,0,1},{133,3,100.8,3,0,0.5}}"
110305,11,5,3,大厅5,战斗吧！,20110,,50,55,55,55,3.0,3.0,3.0,5,113065,5,5,"{{2,0},{4,300},{5,20}}","{432,-13}","{{339,1,3,140.2,0,1},{339.7,-137.8,88.5,3,0,0.5}}"
110306,11,6,3,大厅6,战斗吧！,20111,,50,56,56,56,3.0,3.0,3.0,5,113066,5,5,"{{2,0},{4,300},{5,20}}","{633,-236}",{}
120301,12,1,3,阁楼1,战斗吧！,20112,,55,57,57,57,3.0,3.0,3.0,5,113067,5,5,"{{2,0},{4,300},{5,20}}","{-701,67}","{{-446.6,91,14.98,3,0,0.5},{-431.6,92.6,3,190.2,0,1},{-428.9,-95.8,52.6,3,0,0.5}}"
120302,12,2,3,阁楼2,战斗吧！,20113,,55,58,58,58,3.0,3.0,3.0,5,113068,5,5,"{{2,0},{4,300},{5,20}}","{-496,-265}","{{-274.8,-95.8,126.9,3,0,0.5}}"
120303,12,3,3,阁楼3,战斗吧！,20114,,55,59,59,59,3.0,3.0,3.0,5,113069,5,5,"{{2,0},{4,300},{5,20}}","{-187,-55}","{{-45.9,-95.8,61.2,3,0,0.5},{12.19,-96.94,3,194.5,0,0}}"
120304,12,4,3,阁楼4,战斗吧！,20115,,55,60,60,60,3.0,3.0,3.0,5,113070,5,5,"{{2,0},{4,300},{5,20}}","{123,187}","{{117,98,14.98,3,0,0.5},{132,99.2,3,96.3,0,1},{133,3,100.8,3,0,0.5}}"
120305,12,5,3,阁楼5,战斗吧！,20116,,55,61,61,61,3.0,3.0,3.0,5,113071,5,5,"{{2,0},{4,300},{5,20}}","{432,-13}","{{339,1,3,140.2,0,1},{339.7,-137.8,88.5,3,0,0.5}}"
120306,12,6,3,阁楼6,战斗吧！,20117,,55,62,62,62,3.0,3.0,3.0,5,113072,5,5,"{{2,0},{4,300},{5,20}}","{633,-236}",{}
130301,13,1,3,楼梯间1,战斗吧！,20118,,60,63,63,63,3.0,3.0,3.0,5,113073,5,5,"{{2,0},{4,300},{5,20}}","{-701,67}","{{-446.6,91,14.98,3,0,0.5},{-431.6,92.6,3,190.2,0,1},{-428.9,-95.8,52.6,3,0,0.5}}"
130302,13,2,3,楼梯间2,战斗吧！,20119,,60,64,64,64,3.0,3.0,3.0,5,113074,5,5,"{{2,0},{4,300},{5,20}}","{-496,-265}","{{-274.8,-95.8,126.9,3,0,0.5}}"
130303,13,3,3,楼梯间3,战斗吧！,20120,,60,65,65,65,3.0,3.0,3.0,5,113075,5,5,"{{2,0},{4,300},{5,20}}","{-187,-55}","{{-45.9,-95.8,61.2,3,0,0.5},{12.19,-96.94,3,194.5,0,0}}"
130304,13,4,3,楼梯间4,战斗吧！,20121,,60,66,66,66,3.0,3.0,3.0,5,113076,5,5,"{{2,0},{4,300},{5,20}}","{123,187}","{{117,98,14.98,3,0,0.5},{132,99.2,3,96.3,0,1},{133,3,100.8,3,0,0.5}}"
130305,13,5,3,楼梯间5,战斗吧！,20122,,60,67,67,67,3.0,3.0,3.0,5,113077,5,5,"{{2,0},{4,300},{5,20}}","{432,-13}","{{339,1,3,140.2,0,1},{339.7,-137.8,88.5,3,0,0.5}}"
130306,13,6,3,楼梯间6,战斗吧！,20123,,60,68,68,68,3.0,3.0,3.0,5,113078,5,5,"{{2,0},{4,300},{5,20}}","{633,-236}",{}
140301,14,1,3,书房1,战斗吧！,20124,,65,69,69,69,3.0,3.0,3.0,5,113079,5,5,"{{2,0},{4,300},{5,20}}","{-701,67}","{{-446.6,91,14.98,3,0,0.5},{-431.6,92.6,3,190.2,0,1},{-428.9,-95.8,52.6,3,0,0.5}}"
140302,14,2,3,书房2,战斗吧！,20125,,65,70,70,70,3.0,3.0,3.0,5,113080,5,5,"{{2,0},{4,300},{5,20}}","{-496,-265}","{{-274.8,-95.8,126.9,3,0,0.5}}"
140303,14,3,3,书房3,战斗吧！,20126,,65,71,71,71,3.0,3.0,3.0,5,113081,5,5,"{{2,0},{4,300},{5,20}}","{-187,-55}","{{-45.9,-95.8,61.2,3,0,0.5},{12.19,-96.94,3,194.5,0,0}}"
140304,14,4,3,书房4,战斗吧！,20127,,65,72,72,72,3.0,3.0,3.0,5,113082,5,5,"{{2,0},{4,300},{5,20}}","{123,187}","{{117,98,14.98,3,0,0.5},{132,99.2,3,96.3,0,1},{133,3,100.8,3,0,0.5}}"
140305,14,5,3,书房5,战斗吧！,20128,,65,73,73,73,3.0,3.0,3.0,5,113083,5,5,"{{2,0},{4,300},{5,20}}","{432,-13}","{{339,1,3,140.2,0,1},{339.7,-137.8,88.5,3,0,0.5}}"
140306,14,6,3,书房6,战斗吧！,20129,,65,74,74,74,3.0,3.0,3.0,5,113084,5,5,"{{2,0},{4,300},{5,20}}","{633,-236}",{}
150301,15,1,3,大展览厅1,战斗吧！,20130,,70,75,75,75,3.0,3.0,3.0,5,113085,5,5,"{{2,0},{4,300},{5,20}}","{-701,67}","{{-446.6,91,14.98,3,0,0.5},{-431.6,92.6,3,190.2,0,1},{-428.9,-95.8,52.6,3,0,0.5}}"
150302,15,2,3,大展览厅2,战斗吧！,20131,,70,76,76,76,3.0,3.0,3.0,5,113086,5,5,"{{2,0},{4,300},{5,20}}","{-496,-265}","{{-274.8,-95.8,126.9,3,0,0.5}}"
150303,15,3,3,大展览厅3,战斗吧！,20132,,70,77,77,77,3.0,3.0,3.0,5,113087,5,5,"{{2,0},{4,300},{5,20}}","{-187,-55}","{{-45.9,-95.8,61.2,3,0,0.5},{12.19,-96.94,3,194.5,0,0}}"
150304,15,4,3,大展览厅4,战斗吧！,20133,,70,78,78,78,3.0,3.0,3.0,5,113088,5,5,"{{2,0},{4,300},{5,20}}","{123,187}","{{117,98,14.98,3,0,0.5},{132,99.2,3,96.3,0,1},{133,3,100.8,3,0,0.5}}"
150305,15,5,3,大展览厅5,战斗吧！,20134,,70,79,79,79,3.0,3.0,3.0,5,113089,5,5,"{{2,0},{4,300},{5,20}}","{432,-13}","{{339,1,3,140.2,0,1},{339.7,-137.8,88.5,3,0,0.5}}"
150306,15,6,3,大展览厅6,战斗吧！,20135,,70,80,80,80,3.0,3.0,3.0,5,113090,5,5,"{{2,0},{4,300},{5,20}}","{633,-236}",{}
